INSERT INTO t_faq_category (id, name, position, created_at)
VALUES (1, 'First category - ~!@#$%^&*()_+{}":">?<', 1, '2021-09-10 05:48:36.229498'),
       (2, 'Second category <h1>Test</h1>', 2, '2021-09-10 05:48:36.229498'),
       (3, 'Third category', 3, '2021-09-10 05:48:53.304499'),
       (4,
        'No Items - Very long category name',
        4, '2021-09-10 05:49:24.783675'),
       (5, 'No Items', 5, '2021-09-10 06:03:45.600806'),
       (8, 'No Item 6', 6, '2021-09-10 16:11:30.440985'),
       (9, 'No Item 7', 7, '2021-09-10 16:11:30.440985'),
       (10, 'No Item 8', 8, '2021-09-10 16:11:30.440985'),
       (11, 'No Item 9', 9, '2021-09-10 16:11:30.440985'),
       (12, 'No Item 10', 10, '2021-09-10 16:11:30.440985'),
       (13, 'No Item 11', 11, '2021-09-10 16:11:30.440985'),
       (14, 'No Item 12', 12, '2021-09-10 16:11:30.440985'),
       (15, 'No Item 13', 13, '2021-09-10 16:11:30.440985'),
       (16, 'No Item 14', 14, '2021-09-10 16:11:30.440985'),
       (17, 'No Item 15', 15, '2021-09-10 16:11:30.440985'),
       (18, 'No Item 16', 16, '2021-09-10 16:11:30.440985'),
       (19, 'No Item 17', 17, '2021-09-10 16:11:30.440985'),
       (20, 'No Item 18', 18, '2021-09-10 16:11:30.440985'),
       (21, 'No Item 19', 19, '2021-09-10 16:11:30.440985'),
       (22, 'No Item 20', 20, '2021-09-10 16:11:30.440985'),
       (23, 'No Item 21', 21, '2021-09-10 16:11:30.440985');;

INSERT INTO t_faq (id, faq_category_id, question, answer, created_at)
VALUES (9, 2, '2 category 3 question',
        '<h1>FAQ CATEGORY<h1>',
        '2021-09-10 05:58:13.766599'),
       (10, 3, '3 category 1 question',
        'FAQ CATEGORY',
        '2021-09-10 05:58:13.766599'),
       (11, 3, '3 category 2 question',
        'FAQ CATEGORY',
        '2021-09-10 05:58:13.766599'),
       (1, 1,
        '1 category 1 question chars check - ',
        '1 category 1 question 1 answer - ',
        '2021-09-10 05:50:54.335368'),
       (2, 1,
        '1 category 2 question -',
        '1 category 2 question 2 answer - ',
        '2021-09-10 05:51:50.446270'),
       (16, 3, '3 category 7 question',
        'FAQ CATEGORY',
        '2021-09-10 05:58:13.766599'),
       (17, 3, '3 category 8 question',
        'FAQ CATEGORY',
        '2021-09-10 05:58:13.766599'),
       (18, 3, '3 category 9 question',
        'FAQ CATEGORY',
        '2021-09-10 05:58:13.766599'),
       (13, 3, '3 category 4 question',
        'FAQ CATEGORY',
        '2021-09-10 05:58:13.766599'),
       (15, 3, '3 category 6 question',
        '<h1>FAQ CATEGORY<h1>',
        '2021-09-10 05:58:13.766599'),
       (19, 3, '3 category 10 question',
        'FAQ category',
        '2021-09-10 05:58:13.766599'),
       (5, 1, '1 category 3 question',
        '<h1>FAQ CATEGORY<h1>',
        '2021-09-10 05:52:53.412345'),
       (12, 3, '3 category 3 question',
        'FAQ CATEGORY',
        '2021-09-10 05:58:13.766599'),
       (6, 2, '2 category 1 question',
        '<h1>FAQ CATEGORY<h1>',
        '2021-09-10 05:52:53.412345'),
       (14, 3, '3 category 5 question',
        'FAQ CATEGORY',
        '2021-09-10 05:58:13.766599'),
       (8, 2, '2 category 2 question',
        '<h1>FAQ CATEGORY<h1>',
        '2021-09-10 05:58:13.766599');;

INSERT INTO t_public_html_page (id, name, type, version, html, enabled, created_at)
VALUES (1, 'Privacy Policy Version 1 - active', 'privacy_policy', 1, '<!DOCTYPE html>
<html>
<body>
<h1>Privacy policy VERSION = 1 active</h1>
</body>
</html>', true, '2021-09-10 07:03:46.203215'),
       (2, 'Privacy Policy Version 2 - active', 'privacy_policy', 2, '<!DOCTYPE html>
<html>
<body>
<h1>Privacy policy VERSION = 2 active</h1>
</body>
</html>', true, '2021-09-10 07:03:46.203215'),
       (3, 'Privacy Policy Version 3 - disabled', 'privacy_policy', 3, '<!DOCTYPE html>
<html>
<body>
<h1>Privacy policy VERSION = 3 disabled</h1>
</body>
</html>', false, '2021-09-10 07:03:46.203215'),
       (4, 'Cookie Policy 1 - active', 'cookie_policy', 1, '<!DOCTYPE html>
<html>
<body>
<h1>Cookie policy VERSION = 1 active</h1>
</body>
</html>', true, '2021-09-10 07:03:46.203215'),
       (5, 'Cookie Policy 2 - disabled', 'cookie_policy', 2, '<!DOCTYPE html>
<html>
<body>
<h1>Cookie policy VERSION = 2 disabled</h1>
</body>
</html>', false, '2021-09-10 07:03:46.203215'),
       (6, 'Terms and conditions 1 - active', 'terms_and_conditions', 1, '<!DOCTYPE html>
<html>
<body>
<h1>Terms and conditions VERSION = 1 active</h1>
</body>
</html>', true, '2021-09-10 07:03:46.203215'),
       (7, 'Terms and conditions - disabled', 'terms_and_conditions', 2, '<!DOCTYPE html>
<html>
<body>
<h1>Terms and conditions VERSION = 2 disabled</h1>
</body>
</html>', false, '2021-09-10 07:03:46.203215'),
       (8, 'Terms and conditions 3 - disabled', 'terms_and_conditions', 3, '<!DOCTYPE html>
<html>
<body>
<h1>Terms and conditions VERSION = 3 disabled</h1>
</body>
</html>', false, '2021-09-10 07:03:46.203215'),
       (9, 'Terms and conditions 400 - active', 'terms_and_conditions', 400, '<!DOCTYPE html>
<html>
<body>
<h1>Terms and conditions VERSION = 400 active</h1>
</body>
</html>', false, '2021-09-10 16:18:23.473648');;


INSERT INTO t_system_role (id, name, description, enabled)
VALUES (1, 'Base rights',
        '<h1>Base rights<h1>',
        true),
       (2, 'OWNER',
        '<h1>Owner<h1>',
        true),
       (3, 'ADMIN',
        '<h1>~Admin<h1>',
        true),
       (4, 'LAWYER',
        '<h1>~lawyer',
        true),
       (5, 'CLIENT',
        '<h1>~Client',
        true),
       (6, 'ASSOCIATE',
        '<h1>~Associate<h1>',
        true),
       (7, 'CUSTOM ADMIN ROLE',
        '<h1>~Custom admin role<h1>',
        true),
       (8, 'Custom lawyer visible all cases',
        '<h1>~Custom admin lawyer<h1>',
        true),
       (9, 'Role 9',
        '<h1>~Empty<h1>',
        true),
       (10, 'Role 10 - <h1>Test</h1>',
        '<h1>~Empty<h1>',
        true),
       (11, 'Role 11 - ~Test',
        '<h1>~Empty<h1>',
        true),
       (12, 'Role 12',
        '<h1>~Empty<h1>',
        true),
       (13, 'Role 13',
        '<h1>~Delete<h1>',
        true),
       (14, 'Role 14',
        '<h1>~Empty<h1>',
        true),
       (15, 'Role 15',
        '<h1>~Empty<h1>',
        true),
       (16, 'Role 16',
        '<h1>~Empty<h1>',
        true),
       (17, 'Role 17',
        '<h1>~Empty<h1>',
        true),
       (18, 'Role 18',
        '<h1>~Empty<h1>',
        true),
       (19, 'Role 19',
        '<h1>~Empty<h1>',
        true),
       (20, 'Role 20',
        '<h1>~Empty<h1>',
        true),
       (21, 'Role 21 - DISABLED',
        '<h1>~Disabled<h1>',
        false),
       (22, 'Role 22 - DISABLED',
        '<h1>~Disabled<h1>',
        false),
       (23, 'Role 23 - DISABLED',
        '<h1>~Disabled<h1>',
        false);;

INSERT INTO t_system_permission_group (id, name, description, enabled)
VALUES (1, 'System permission group 1',
        '<h1>~Delete<h1>',
        true),
       (2,
        'System permission group 2 - ~System permission group two',
        '<h1>~Delete<h1>',
        true),
       (3, 'System permission group 3 -<h1>Test</h1>',
        '<h1>~Delete<h1>',
        true),
       (4, 'System permission group 4',
        '<h1>~Delete<h1>',
        true),
       (5, 'System permission group 5',
        '<h1>~Delete<h1>',
        true),
       (6, 'System permission group 6',
        '<h1>~Delete<h1>',
        true),
       (7, 'System permission group 7',
        '<h1>~Delete<h1>',
        true),
       (8, 'System permission group 8',
        '<h1>~Delete<h1>',
        true),
       (9, 'System permission group 9',
        '<h1>~Delete<h1>',
        true),
       (10, 'System permission group 10',
        '<h1>~Delete<h1>',
        true),
       (11, 'System permission group 11',
        '<h1>~Delete<h1>',
        true),
       (12, 'System permission group 12',
        '<h1>~Delete<h1>',
        true),
       (13, 'System permission group 13',
        '<h1>~Delete<h1>',
        true),
       (14, 'System permission group 14',
        '<h1>~Delete<h1>',
        true),
       (15, 'System permission group 15',
        '<h1>~Delete<h1>',
        true),
       (16, 'System permission group 16',
        '<h1>~Delete<h1>',
        true),
       (17, 'System permission group 17',
        '<h1>~Delete<h1>',
        true),
       (18, 'System permission group 18 - DISABLED',
        '<h1>~Delete<h1>',
        false),
       (19, 'System permission group 19 - DISABLED',
        '<h1>~Delete<h1>',
        false),
       (20, 'System permission group 20 - DISABLED',
        '<h1>~Delete<h1>',
        false);;


INSERT INTO t_system_permission (id, permission_code, name, group_id, description, enabled)
VALUES (1, 'view_dashboard', 'View dashboard', 1,
        '<h1>~View dashboard<h1>',
        true),
       (2, 'view_billing', 'View billing', 1,
        '<h1>~View billing<h1>',
        true),
       (3, 'view_all_cases', 'View all cases', 1,
        '<h1>~View all cases<h1>',
        true),
       (4, 'view_permissions', 'View permissions', 1,
        '<h1>~View permissions<h1>',
        true),
       (5, 'create_cases', 'Create cases', 1,
        '<h1>~Create cases<h1>',
        true),
       (6, 'invite_users', 'Invite users', 1,
        '<h1>~Invite users<h1>',
        true),
       (7, 'export_case', 'Export cases', 1,
        '<h1>~Export cases<h1>',
        true),
       (8, 'delete_user', 'Delete user', 1,
        '<h1>~Delete user<h1>',
        true),
       (9, 'archive_cases', 'Archive cases', 1,
        '<h1>~Archive cases<h1>',
        true),
       (10, 'manage_roles', 'Manage roles', 1,
        '<h1>~Manage roles<h1>',
        true),
       (11, 'manage_individual_rights', 'Manage individual rights', 1,
        '<h1>~Manage individual rights<h1>',
        true),
       (12, 'assign_user_to_case', 'Assign users to case', 1,
        '<h1>~Assign users to case<h1>',
        true),
       (13, 'view_contacts', 'View contacts', 2,
        '<h1>~View contacts<h1>',
        true),
       (14, 'manage_contacts', 'Manage contacts', 2,
        '<h1>~Manage contacts<h1>',
        true),
       (15, 'deactivate_contact', 'Deactivate contact', 2,
        '<h1>~Deactivate contact<h1>',
        true),
       (16, 'view_system_settings', 'View system settings', 2,
        '<h1>~View system settings<h1>',
        true),
       (17, 'manage_system_settings', 'Manage system settings', 3,
        '<h1>~Manage system settings<h1>',
        true),
       (18, 'base_rights', 'base_rights', 3,
        '<h1>base_rights<h1>',
        true),
       (19, 'p19 - stub', 'p19 - stub', 3,
        '<h1>~Delete<h1>',
        true),
       (20, 'p20 - stub', 'p20 - stub', 3,
        '<h1>~Delete<h1>',
        true),
       (21, 'p21 - stub', 'p21 - stub', 4,
        '<h1>~Delete<h1>',
        true),
       (22, 'p22 - stub', 'p22 - stub', 4,
        '<h1>~Delete<h1>',
        true),
       (23, 'p23 - stub', 'p23 - stub', 4,
        '<h1>~Delete<h1>',
        true),
       (24, 'p24 - stub', 'p24 - stub', 4,
        '<h1>~Delete<h1>',
        true),
       (25, 'p25 - stub', 'p25 - stub', 5,
        '<h1>~Delete<h1>',
        true),
       (26, 'p26 - stub', 'p26 - stub', 5,
        '<h1>~Delete<h1>',
        true),
       (27, 'p27 - stub', 'p27 - stub', 6,
        '<h1>~Delete<h1>',
        true),
       (28, 'p28 - stub', 'p28 - stub', 7,
        '<h1>~Delete<h1>',
        true),
       (29, 'p29 - stub', 'p29 - stub', 18,
        '<h1>~Delete<h1>',
        true),
       (30, 'p30 - stub', 'p30 - stub', 18,
        '<h1>~Delete<h1>',
        true),
       (31, 'p31 - stub', 'p31 - stub - DISABLED', 19, 'DISABLED', false),
       (32, 'p32 - stub', 'p32 - stub - DISABLED', 19, 'DISABLED', false),
       (33, 'p33 - stub', 'p33 - stub - DISABLED', 20, 'DISABLED', false);;


INSERT INTO t_system_role_to_permission (id, role_id, permission_id)
VALUES (1, 1, 1),
       (2, 1, 6),
       (3, 1, 13),
       (4, 1, 16),
       (5, 2, 18),
       (6, 3, 2),
       (7, 3, 4),
       (8, 3, 5),
       (9, 3, 7),
       (10, 3, 9),
       (11, 3, 10),
       (12, 3, 11),
       (13, 3, 12),
       (14, 3, 13),
       (15, 3, 14),
       (16, 3, 15),
       (17, 3, 16),
       (18, 3, 17),
       (19, 4, 5),
       (20, 4, 6),
       (21, 4, 13),
       (22, 4, 16),
       (23, 5, 5),
       (24, 5, 6),
       (25, 5, 13),
       (26, 5, 16);;
